fecha,serie,valor
2010-01-01,Cartera irregular total,4.728069001204374
2010-02-01,Cartera irregular total,4.645705688754574
2010-03-01,Cartera irregular total,4.411004184938255
2010-04-01,Cartera irregular total,4.266324576977487
2010-05-01,Cartera irregular total,4.192495955543773
2010-06-01,Cartera irregular total,3.859306639647115
2010-07-01,Cartera irregular total,3.8378460542768056
2010-08-01,Cartera irregular total,3.6790608370780213
2010-09-01,Cartera irregular total,3.4380570640097265
2010-10-01,Cartera irregular total,3.3258442211867396
2010-11-01,Cartera irregular total,3.171966664485916
2010-12-01,Cartera irregular total,2.9558778803398167
2011-01-01,Cartera irregular total,2.8977118966675994
2011-02-01,Cartera irregular total,2.7974394216096115
2011-03-01,Cartera irregular total,2.67058603541141
2011-04-01,Cartera irregular total,2.6175572329164654
2011-05-01,Cartera irregular total,2.6126789109306863
2011-06-01,Cartera irregular total,2.5171175257257037
2011-07-01,Cartera irregular total,2.444376014207484
2011-08-01,Cartera irregular total,2.3465841772771743
2011-09-01,Cartera irregular total,2.2368529468915748
2011-10-01,Cartera irregular total,2.2331513113641113
2011-11-01,Cartera irregular total,2.1889976037808316
2011-12-01,Cartera irregular total,2.1603305590561126
2012-01-01,Cartera irregular total,2.2598166060524822
2012-02-01,Cartera irregular total,2.3652884890861663
2012-03-01,Cartera irregular total,2.417665375635554
2012-04-01,Cartera irregular total,2.6126777119924176
2012-05-01,Cartera irregular total,2.7306994582364292
2012-06-01,Cartera irregular total,2.6364803169138926
2012-07-01,Cartera irregular total,2.705723842652873
2012-08-01,Cartera irregular total,2.7143495523236174
2012-09-01,Cartera irregular total,2.6604601609683565
2012-10-01,Cartera irregular total,2.7161876877239406
2012-11-01,Cartera irregular total,2.6961268626566843
2012-12-01,Cartera irregular total,2.760742828704751
2013-01-01,Cartera irregular total,2.8240893320921274
2013-02-01,Cartera irregular total,2.946232260960683
2013-03-01,Cartera irregular total,2.899709722411617
2013-04-01,Cartera irregular total,2.9861385407448684
2013-05-01,Cartera irregular total,3.0485949937189614
2013-06-01,Cartera irregular total,3.0583701303390143
2013-07-01,Cartera irregular total,3.0182218980091435
2013-08-01,Cartera irregular total,3.022294870212058
2013-09-01,Cartera irregular total,2.8690629290340395
2013-10-01,Cartera irregular total,2.775949021100293
2013-11-01,Cartera irregular total,2.7158880308570508
2013-12-01,Cartera irregular total,2.6187042867408636
2014-01-01,Cartera irregular total,2.6275321108861123
2014-02-01,Cartera irregular total,2.7675427084505397
2014-03-01,Cartera irregular total,2.846967051566579
2014-04-01,Cartera irregular total,2.987218325872852
2014-05-01,Cartera irregular total,3.17663080526649
2014-06-01,Cartera irregular total,3.2013319265650964
2014-07-01,Cartera irregular total,3.227540718738858
2014-08-01,Cartera irregular total,3.3375199421472685
2014-09-01,Cartera irregular total,3.1952326366095387
2014-10-01,Cartera irregular total,3.091556020658751
2014-11-01,Cartera irregular total,3.098639729103099
2014-12-01,Cartera irregular total,2.961926537101336
2015-01-01,Cartera irregular total,2.9899321681376323
2015-02-01,Cartera irregular total,2.944178423537573
2015-03-01,Cartera irregular total,2.906330484247803
2015-04-01,Cartera irregular total,2.945860470072302
2015-05-01,Cartera irregular total,2.9474793287199335
2015-06-01,Cartera irregular total,2.8237272840248244
2015-07-01,Cartera irregular total,2.7395145632941906
2015-08-01,Cartera irregular total,2.6471751868730933
2015-09-01,Cartera irregular total,2.488650991239653
2015-10-01,Cartera irregular total,2.4047595128233197
2015-11-01,Cartera irregular total,2.370633163073815
2015-12-01,Cartera irregular total,2.3046270615349567
2016-01-01,Cartera irregular total,2.413794555969887
2016-02-01,Cartera irregular total,2.48294363963129
2016-03-01,Cartera irregular total,2.435830043969694
2016-04-01,Cartera irregular total,2.535272619330162
2016-05-01,Cartera irregular total,2.6011341887989183
2016-06-01,Cartera irregular total,2.685999032363439
2016-07-01,Cartera irregular total,2.7386234509318834
2016-08-01,Cartera irregular total,2.7581984457924396
2016-09-01,Cartera irregular total,2.7146188108351192
2016-10-01,Cartera irregular total,2.737917047510665
2016-11-01,Cartera irregular total,2.6648850661773626
2016-12-01,Cartera irregular total,2.661412207478062
2017-01-01,Cartera irregular total,2.769877351818748
2017-02-01,Cartera irregular total,2.8516121529688667
2017-03-01,Cartera irregular total,2.8926331337325006
2017-04-01,Cartera irregular total,3.01626354338211
2017-05-01,Cartera irregular total,3.094073257281972
2017-06-01,Cartera irregular total,3.21871819428631
2017-07-01,Cartera irregular total,3.0475143935540405
2017-08-01,Cartera irregular total,3.018126870578127
2017-09-01,Cartera irregular total,2.9160638938831878
2017-10-01,Cartera irregular total,2.924944555412224
2017-11-01,Cartera irregular total,2.930706257444133
2017-12-01,Cartera irregular total,2.8962838264187205
2018-01-01,Cartera irregular total,2.985778166670023
2018-02-01,Cartera irregular total,3.0301371424266055
2018-03-01,Cartera irregular total,3.0657177234311233
2018-04-01,Cartera irregular total,3.1647728718013823
2018-05-01,Cartera irregular total,3.3826657443249224
2018-06-01,Cartera irregular total,3.360946327060378
2018-07-01,Cartera irregular total,3.4838012541900296
2018-08-01,Cartera irregular total,3.5404208747261716
2018-09-01,Cartera irregular total,3.656895548894118
2018-10-01,Cartera irregular total,3.775140404619422
2018-11-01,Cartera irregular total,3.9105759170094774
2018-12-01,Cartera irregular total,4.034129825217144
2019-01-01,Cartera irregular total,4.230076407526471
2019-02-01,Cartera irregular total,4.4407092987326555
2019-03-01,Cartera irregular total,4.5054284891492555
2019-04-01,Cartera irregular total,4.643704112098171
2019-05-01,Cartera irregular total,4.872724091964989
2019-06-01,Cartera irregular total,4.922307345287892
2019-07-01,Cartera irregular total,4.8231595686246616
2019-08-01,Cartera irregular total,4.82700309648606
2019-09-01,Cartera irregular total,4.594067395135245
2019-10-01,Cartera irregular total,4.409240305203581
2019-11-01,Cartera irregular total,4.413107275962689
2019-12-01,Cartera irregular total,4.17087517421628
2020-01-01,Cartera irregular total,4.2051981388263036
2020-02-01,Cartera irregular total,4.307221222345747
2020-03-01,Cartera irregular total,3.03173531811056
2020-04-01,Cartera irregular total,3.113332707437224
2020-05-01,Cartera irregular total,3.1096419021665875
2020-06-01,Cartera irregular total,3.0404111489624195
2020-07-01,Cartera irregular total,3.1084386397390595
2020-08-01,Cartera irregular total,3.0239075251898897
2020-09-01,Cartera irregular total,2.7136229203062086
2020-10-01,Cartera irregular total,2.427568254955136
2020-11-01,Cartera irregular total,2.206355073574123
2020-12-01,Cartera irregular total,1.8970464873988007
2021-01-01,Cartera irregular total,1.8086221177421817
2021-02-01,Cartera irregular total,1.7022599235925684
2021-03-01,Cartera irregular total,1.9916861884676267
2021-04-01,Cartera irregular total,2.5668657503135113
2021-05-01,Cartera irregular total,2.9432098845930983
2021-06-01,Cartera irregular total,4.119675724104883
2021-07-01,Cartera irregular total,5.057665768331383
2021-08-01,Cartera irregular total,5.05465486839241
2021-09-01,Cartera irregular total,4.761181804979822
2021-10-01,Cartera irregular total,4.657056618777949
2021-11-01,Cartera irregular total,4.299468213482736
2021-12-01,Cartera irregular total,4.177217710117682
2022-01-01,Cartera irregular total,4.069049835844999
2022-02-01,Cartera irregular total,3.9172711865189385
2022-03-01,Cartera irregular total,3.7293710488231198
2022-04-01,Cartera irregular total,3.5199358254509447
2022-05-01,Cartera irregular total,3.332981359646424
2022-06-01,Cartera irregular total,3.2290583527905556
2022-07-01,Cartera irregular total,3.221108005749903
2022-08-01,Cartera irregular total,3.1202578947151838
2022-09-01,Cartera irregular total,3.016411153621276
2022-10-01,Cartera irregular total,3.01582756575188
2022-11-01,Cartera irregular total,2.8621368090415658
2022-12-01,Cartera irregular total,3.0362601517414314
2023-01-01,Cartera irregular total,3.1247847463064553
2023-02-01,Cartera irregular total,3.14537710310306
2023-03-01,Cartera irregular total,3.2749905634025076
2023-04-01,Cartera irregular total,3.262343355144109
2023-05-01,Cartera irregular total,3.1990837747193828
2023-06-01,Cartera irregular total,3.3125550941849187
2023-07-01,Cartera irregular total,3.3199196616400575
2023-08-01,Cartera irregular total,3.1406388407768207
2023-09-01,Cartera irregular total,3.083761541268544
2023-10-01,Cartera irregular total,2.846938807800363
2023-11-01,Cartera irregular total,2.6950246175325243
2023-12-01,Cartera irregular total,2.784692843264294
2024-01-01,Cartera irregular total,2.6996760221946174
2024-02-01,Cartera irregular total,2.605121098735076
2024-03-01,Cartera irregular total,2.6524153176309193
2024-04-01,Cartera irregular total,2.5892186333058107
2024-05-01,Cartera irregular total,2.7587009632315804
2024-06-01,Cartera irregular total,2.786364688776409
2024-07-01,Cartera irregular total,2.672201214095846
2024-08-01,Cartera irregular total,2.6624173216648614
2024-09-01,Cartera irregular total,2.63540936430396
2024-10-01,Cartera irregular total,2.489310113996647
2024-11-01,Cartera irregular total,2.5245236321711517
2024-12-01,Cartera irregular total,2.5534667508354887
2025-01-01,Cartera irregular total,2.6641852829108985
2025-02-01,Cartera irregular total,2.9392389465918027
2025-03-01,Cartera irregular total,3.256401130827736
2025-04-01,Cartera irregular total,3.6649595098608496
2025-05-01,Cartera irregular total,4.458750663201229
2025-06-01,Cartera irregular total,5.128268028903158
2025-07-01,Cartera irregular total,5.6486888742703
2025-08-01,Cartera irregular total,6.6005613079305885
2025-09-01,Cartera irregular total,7.277163079351115
2025-10-01,Cartera irregular total,7.75652282249225
2025-11-01,Cartera irregular total,8.822416332564705
2025-12-01,Cartera irregular total,9.333065842263723
2026-01-01,Cartera irregular total,10.606166918361486
2026-02-01,Cartera irregular total,11.22059965886106
2026-03-01,Cartera irregular total,11.633960256022032
2026-04-01,Cartera irregular total,12.090258471830438
2026-05-01,Cartera irregular total,12.795302382570279
2010-01-01,Personales,6.038333921898983
2010-02-01,Personales,5.907889903670379
2010-03-01,Personales,5.660711052175463
2010-04-01,Personales,5.396085006718515
2010-05-01,Personales,5.319288902683961
2010-06-01,Personales,4.875913658149187
2010-07-01,Personales,4.866856192416395
2010-08-01,Personales,4.67950205360449
2010-09-01,Personales,4.380922585838968
2010-10-01,Personales,4.179312097960025
2010-11-01,Personales,3.9859364590051225
2010-12-01,Personales,3.6581721248945236
2011-01-01,Personales,3.512581772940809
2011-02-01,Personales,3.3540472060565674
2011-03-01,Personales,3.1309472780098524
2011-04-01,Personales,3.0606195399852694
2011-05-01,Personales,3.061015416677717
2011-06-01,Personales,2.968323135699359
2011-07-01,Personales,2.852259442481204
2011-08-01,Personales,2.7400967807400334
2011-09-01,Personales,2.627360388156778
2011-10-01,Personales,2.6190216950404204
2011-11-01,Personales,2.581619662746801
2011-12-01,Personales,2.593316762760904
2012-01-01,Personales,2.7050065662465363
2012-02-01,Personales,2.8152408685985435
2012-03-01,Personales,2.8637675819974437
2012-04-01,Personales,3.0619601839708586
2012-05-01,Personales,3.2084433429206713
2012-06-01,Personales,2.9749431361175036
2012-07-01,Personales,3.0989835649223973
2012-08-01,Personales,3.165445701666518
2012-09-01,Personales,2.9929437277421247
2012-10-01,Personales,3.1378293627459244
2012-11-01,Personales,3.1445505119213117
2012-12-01,Personales,3.267991124098097
2013-01-01,Personales,3.3020799800671927
2013-02-01,Personales,3.4246036804650255
2013-03-01,Personales,3.2381641568180983
2013-04-01,Personales,3.3929278124778612
2013-05-01,Personales,3.4338448819211007
2013-06-01,Personales,3.4790307587608855
2013-07-01,Personales,3.45994850255218
2013-08-01,Personales,3.4445603097084145
2013-09-01,Personales,3.2569513983163176
2013-10-01,Personales,3.2106657429466856
2013-11-01,Personales,3.159732437101712
2013-12-01,Personales,3.041926984180993
2014-01-01,Personales,3.0616435165053373
2014-02-01,Personales,3.1913037979356385
2014-03-01,Personales,3.2894319000957934
2014-04-01,Personales,3.435857319348732
2014-05-01,Personales,3.6641662040615484
2014-06-01,Personales,3.7056464584603406
2014-07-01,Personales,3.719560096147631
2014-08-01,Personales,3.8024368717952584
2014-09-01,Personales,3.6168882599369123
2014-10-01,Personales,3.526460948625075
2014-11-01,Personales,3.5615113737231976
2014-12-01,Personales,3.4804634462955253
2015-01-01,Personales,3.4643974037123715
2015-02-01,Personales,3.335721403499766
2015-03-01,Personales,3.2878138927091114
2015-04-01,Personales,3.287287400666414
2015-05-01,Personales,3.3114139469500183
2015-06-01,Personales,3.1381182743819536
2015-07-01,Personales,3.036676040047644
2015-08-01,Personales,2.949438953105695
2015-09-01,Personales,2.835087911448427
2015-10-01,Personales,2.7368499622012017
2015-11-01,Personales,2.7207101316594913
2015-12-01,Personales,2.6996683397976504
2016-01-01,Personales,2.756355009713378
2016-02-01,Personales,2.8314325790478048
2016-03-01,Personales,2.695635417874813
2016-04-01,Personales,2.7626261903249256
2016-05-01,Personales,2.90361785020913
2016-06-01,Personales,2.966700199824726
2016-07-01,Personales,3.0256276180233894
2016-08-01,Personales,3.0487580603443702
2016-09-01,Personales,2.9985278184812247
2016-10-01,Personales,3.0459052219991536
2016-11-01,Personales,2.9788080813283537
2016-12-01,Personales,2.9666859449966765
2017-01-01,Personales,3.076565065363174
2017-02-01,Personales,3.0906022724176374
2017-03-01,Personales,3.0963098724488805
2017-04-01,Personales,3.158644857854911
2017-05-01,Personales,3.2789722074976853
2017-06-01,Personales,3.3759583380465537
2017-07-01,Personales,3.2005106522913613
2017-08-01,Personales,3.181327701812495
2017-09-01,Personales,3.028257973618202
2017-10-01,Personales,3.096150297291479
2017-11-01,Personales,3.1867599012690913
2017-12-01,Personales,3.183251324500673
2018-01-01,Personales,3.4028014490421072
2018-02-01,Personales,3.4419215208306646
2018-03-01,Personales,3.5023251421298744
2018-04-01,Personales,3.6693109013514476
2018-05-01,Personales,4.037280669179856
2018-06-01,Personales,4.017185597552605
2018-07-01,Personales,4.188945094059199
2018-08-01,Personales,4.315712506812965
2018-09-01,Personales,4.460330748234431
2018-10-01,Personales,4.665309795478337
2018-11-01,Personales,4.875999074025214
2018-12-01,Personales,5.09908572597651
2019-01-01,Personales,5.344152557659604
2019-02-01,Personales,5.497111950452574
2019-03-01,Personales,5.687847662829839
2019-04-01,Personales,5.874601337473216
2019-05-01,Personales,6.17029255042554
2019-06-01,Personales,6.2843597729322065
2019-07-01,Personales,6.270471063726244
2019-08-01,Personales,6.361551896153879
2019-09-01,Personales,6.201542665232876
2019-10-01,Personales,6.169170322321409
2019-11-01,Personales,6.285106189340894
2019-12-01,Personales,6.098139415498494
2020-01-01,Personales,6.138137532899209
2020-02-01,Personales,6.160936660186489
2020-03-01,Personales,4.156598561327229
2020-04-01,Personales,4.242819369395185
2020-05-01,Personales,4.4046341122916655
2020-06-01,Personales,4.4834573521733265
2020-07-01,Personales,4.773517259554812
2020-08-01,Personales,4.714516702688395
2020-09-01,Personales,4.175253919985828
2020-10-01,Personales,3.6724213746096566
2020-11-01,Personales,3.3685369266259464
2020-12-01,Personales,2.913792036503533
2021-01-01,Personales,2.589239185454701
2021-02-01,Personales,2.3529987228661424
2021-03-01,Personales,2.4815310980411507
2021-04-01,Personales,3.188032330768064
2021-05-01,Personales,3.500675501078687
2021-06-01,Personales,5.053864351443535
2021-07-01,Personales,7.096287953580806
2021-08-01,Personales,7.163735843015146
2021-09-01,Personales,7.062186253112563
2021-10-01,Personales,6.93333706322192
2021-11-01,Personales,6.486461641582146
2021-12-01,Personales,6.295440180530982
2022-01-01,Personales,6.11304523311635
2022-02-01,Personales,5.888562913485328
2022-03-01,Personales,5.251039276650986
2022-04-01,Personales,4.992102195323934
2022-05-01,Personales,4.698175414273323
2022-06-01,Personales,4.632697263124209
2022-07-01,Personales,4.572593553561729
2022-08-01,Personales,4.431122841512344
2022-09-01,Personales,4.26511985022567
2022-10-01,Personales,4.280696334400976
2022-11-01,Personales,4.216942923659388
2022-12-01,Personales,4.396231736000614
2023-01-01,Personales,4.439581501890932
2023-02-01,Personales,4.480491502567336
2023-03-01,Personales,4.501589773089553
2023-04-01,Personales,4.45482501456492
2023-05-01,Personales,4.562183842651321
2023-06-01,Personales,4.694450009298999
2023-07-01,Personales,4.721858884524625
2023-08-01,Personales,4.659856880934116
2023-09-01,Personales,4.4381397952098185
2023-10-01,Personales,4.322313248240627
2023-11-01,Personales,4.154845911394556
2023-12-01,Personales,4.2991946692212055
2024-01-01,Personales,4.350323967745582
2024-02-01,Personales,4.2361728792090245
2024-03-01,Personales,4.340631959952264
2024-04-01,Personales,4.342060417267243
2024-05-01,Personales,4.29538159655122
2024-06-01,Personales,4.159417762416833
2024-07-01,Personales,3.8708271027332875
2024-08-01,Personales,3.6183514510090116
2024-09-01,Personales,3.491704364679475
2024-10-01,Personales,3.379236016884055
2024-11-01,Personales,3.410291420187512
2024-12-01,Personales,3.323075913993575
2025-01-01,Personales,3.462518508638632
2025-02-01,Personales,3.7186133443425287
2025-03-01,Personales,4.081088948277837
2025-04-01,Personales,4.600416323998659
2025-05-01,Personales,5.57220071902463
2025-06-01,Personales,6.4693921624209585
2025-07-01,Personales,7.23255261309306
2025-08-01,Personales,8.209762854418328
2025-09-01,Personales,9.122520948325885
2025-10-01,Personales,9.924790500046903
2025-11-01,Personales,11.038757718365035
2025-12-01,Personales,11.949028107939592
2026-01-01,Personales,13.220680956468925
2026-02-01,Personales,13.7620776678543
2026-03-01,Personales,14.392178512034844
2026-04-01,Personales,14.85707382373031
2026-05-01,Personales,15.945904770798878
2010-01-01,Tarjetas de crédito,3.42917276690726
2010-02-01,Tarjetas de crédito,3.41072765605221
2010-03-01,Tarjetas de crédito,3.1337739880007853
2010-04-01,Tarjetas de crédito,3.061798758991248
2010-05-01,Tarjetas de crédito,2.9651951589304537
2010-06-01,Tarjetas de crédito,2.7018945293320553
2010-07-01,Tarjetas de crédito,2.6701456610795717
2010-08-01,Tarjetas de crédito,2.5240864863388595
2010-09-01,Tarjetas de crédito,2.266424403850662
2010-10-01,Tarjetas de crédito,2.226278187484314
2010-11-01,Tarjetas de crédito,2.1563281741427924
2010-12-01,Tarjetas de crédito,1.991321961896602
2011-01-01,Tarjetas de crédito,2.0603670007787858
2011-02-01,Tarjetas de crédito,2.0678413081867344
2011-03-01,Tarjetas de crédito,2.0680282029378816
2011-04-01,Tarjetas de crédito,2.0217115803450985
2011-05-01,Tarjetas de crédito,2.014634139070832
2011-06-01,Tarjetas de crédito,1.9358358180424706
2011-07-01,Tarjetas de crédito,1.9256639574902428
2011-08-01,Tarjetas de crédito,1.865171901257785
2011-09-01,Tarjetas de crédito,1.812516452631421
2011-10-01,Tarjetas de crédito,1.8355357665030245
2011-11-01,Tarjetas de crédito,1.7909912473408829
2011-12-01,Tarjetas de crédito,1.7115925325974668
2012-01-01,Tarjetas de crédito,1.807113833522046
2012-02-01,Tarjetas de crédito,1.9347910577053484
2012-03-01,Tarjetas de crédito,2.0225128623541324
2012-04-01,Tarjetas de crédito,2.269940258768524
2012-05-01,Tarjetas de crédito,2.3704870651154004
2012-06-01,Tarjetas de crédito,2.3794077419834
2012-07-01,Tarjetas de crédito,2.3954106236301316
2012-08-01,Tarjetas de crédito,2.3368295640806105
2012-09-01,Tarjetas de crédito,2.3639094264629956
2012-10-01,Tarjetas de crédito,2.3310370606533084
2012-11-01,Tarjetas de crédito,2.225401789760683
2012-12-01,Tarjetas de crédito,2.1954819072955343
2013-01-01,Tarjetas de crédito,2.2884074461637334
2013-02-01,Tarjetas de crédito,2.4536239393137524
2013-03-01,Tarjetas de crédito,2.4528113330515593
2013-04-01,Tarjetas de crédito,2.5011159966964067
2013-05-01,Tarjetas de crédito,2.606224617902804
2013-06-01,Tarjetas de crédito,2.538928856964574
2013-07-01,Tarjetas de crédito,2.437123138088507
2013-08-01,Tarjetas de crédito,2.4447494144323216
2013-09-01,Tarjetas de crédito,2.260103277469106
2013-10-01,Tarjetas de crédito,2.0968016387472823
2013-11-01,Tarjetas de crédito,1.9631208475198356
2013-12-01,Tarjetas de crédito,1.8591564189873213
2014-01-01,Tarjetas de crédito,1.8128470256474492
2014-02-01,Tarjetas de crédito,1.9708650120068831
2014-03-01,Tarjetas de crédito,2.003860338191768
2014-04-01,Tarjetas de crédito,2.105732418786449
2014-05-01,Tarjetas de crédito,2.2277041618452986
2014-06-01,Tarjetas de crédito,2.1819163146115406
2014-07-01,Tarjetas de crédito,2.2155193261304817
2014-08-01,Tarjetas de crédito,2.327233252841241
2014-09-01,Tarjetas de crédito,2.1320833814597213
2014-10-01,Tarjetas de crédito,1.9952116924007735
2014-11-01,Tarjetas de crédito,2.018136944877097
2014-12-01,Tarjetas de crédito,1.7857674379685464
2015-01-01,Tarjetas de crédito,1.8629061367384951
2015-02-01,Tarjetas de crédito,1.8823869792894723
2015-03-01,Tarjetas de crédito,1.8406252906260177
2015-04-01,Tarjetas de crédito,1.904546711978189
2015-05-01,Tarjetas de crédito,1.9063261723757732
2015-06-01,Tarjetas de crédito,1.8171463056826747
2015-07-01,Tarjetas de crédito,1.7796955892827064
2015-08-01,Tarjetas de crédito,1.721940042157278
2015-09-01,Tarjetas de crédito,1.6230028520520297
2015-10-01,Tarjetas de crédito,1.5951656711422193
2015-11-01,Tarjetas de crédito,1.5776372657970261
2015-12-01,Tarjetas de crédito,1.5135755129916555
2016-01-01,Tarjetas de crédito,1.6501596420028548
2016-02-01,Tarjetas de crédito,1.724661561798782
2016-03-01,Tarjetas de crédito,1.7009789755214166
2016-04-01,Tarjetas de crédito,1.81338113187294
2016-05-01,Tarjetas de crédito,1.8120268680668454
2016-06-01,Tarjetas de crédito,1.9030854234005352
2016-07-01,Tarjetas de crédito,1.916782304747501
2016-08-01,Tarjetas de crédito,1.9086102155558207
2016-09-01,Tarjetas de crédito,1.8713481202009636
2016-10-01,Tarjetas de crédito,1.9040284415015536
2016-11-01,Tarjetas de crédito,1.850459449272145
2016-12-01,Tarjetas de crédito,1.875329059393227
2017-01-01,Tarjetas de crédito,1.9463945199501742
2017-02-01,Tarjetas de crédito,2.0625360375443202
2017-03-01,Tarjetas de crédito,2.0912918627441117
2017-04-01,Tarjetas de crédito,2.274708506501887
2017-05-01,Tarjetas de crédito,2.2978720495815854
2017-06-01,Tarjetas de crédito,2.479416761328261
2017-07-01,Tarjetas de crédito,2.3754461294609603
2017-08-01,Tarjetas de crédito,2.3252119898522103
2017-09-01,Tarjetas de crédito,2.3369030282041514
2017-10-01,Tarjetas de crédito,2.364360574169015
2017-11-01,Tarjetas de crédito,2.404507243663776
2017-12-01,Tarjetas de crédito,2.4624586469844023
2018-01-01,Tarjetas de crédito,2.5240651033114054
2018-02-01,Tarjetas de crédito,2.604422083293075
2018-03-01,Tarjetas de crédito,2.7458999120286984
2018-04-01,Tarjetas de crédito,2.8820080280603952
2018-05-01,Tarjetas de crédito,3.079115475027714
2018-06-01,Tarjetas de crédito,3.064818837100462
2018-07-01,Tarjetas de crédito,3.169048889106284
2018-08-01,Tarjetas de crédito,3.1689779132456963
2018-09-01,Tarjetas de crédito,3.321249723508895
2018-10-01,Tarjetas de crédito,3.4067342056765115
2018-11-01,Tarjetas de crédito,3.5774620184487222
2018-12-01,Tarjetas de crédito,3.687019980092869
2019-01-01,Tarjetas de crédito,3.8520613055622204
2019-02-01,Tarjetas de crédito,4.27920750790817
2019-03-01,Tarjetas de crédito,4.231754634211026
2019-04-01,Tarjetas de crédito,4.437413380450296
2019-05-01,Tarjetas de crédito,4.688761116776114
2019-06-01,Tarjetas de crédito,4.666495251679461
2019-07-01,Tarjetas de crédito,4.472010614497712
2019-08-01,Tarjetas de crédito,4.345990226289159
2019-09-01,Tarjetas de crédito,3.9739912663322117
2019-10-01,Tarjetas de crédito,3.6560491899735377
2019-11-01,Tarjetas de crédito,3.640715207787796
2019-12-01,Tarjetas de crédito,3.255615640370159
2020-01-01,Tarjetas de crédito,3.2936710185939813
2020-02-01,Tarjetas de crédito,3.4645012425081294
2020-03-01,Tarjetas de crédito,2.2056356697584976
2020-04-01,Tarjetas de crédito,2.255637422031305
2020-05-01,Tarjetas de crédito,2.120233229150875
2020-06-01,Tarjetas de crédito,1.9586589252050997
2020-07-01,Tarjetas de crédito,1.8895788478685842
2020-08-01,Tarjetas de crédito,1.7933553007111012
2020-09-01,Tarjetas de crédito,1.665336978220425
2020-10-01,Tarjetas de crédito,1.5503622837225581
2020-11-01,Tarjetas de crédito,1.4304336215369697
2020-12-01,Tarjetas de crédito,1.212052739319352
2021-01-01,Tarjetas de crédito,1.2529740814117394
2021-02-01,Tarjetas de crédito,1.2952559685595024
2021-03-01,Tarjetas de crédito,1.9578173328322734
2021-04-01,Tarjetas de crédito,2.761768560722256
2021-05-01,Tarjetas de crédito,3.4310224378014085
2021-06-01,Tarjetas de crédito,4.8038347981499046
2021-07-01,Tarjetas de crédito,4.940478872734136
2021-08-01,Tarjetas de crédito,4.7637889217731075
2021-09-01,Tarjetas de crédito,4.048270904983574
2021-10-01,Tarjetas de crédito,3.811875832466475
2021-11-01,Tarjetas de crédito,3.286054268564092
2021-12-01,Tarjetas de crédito,3.0272893294613006
2022-01-01,Tarjetas de crédito,2.8579329402990936
2022-02-01,Tarjetas de crédito,2.7011645366071586
2022-03-01,Tarjetas de crédito,2.5809353231067327
2022-04-01,Tarjetas de crédito,2.434547857349336
2022-05-01,Tarjetas de crédito,2.247125945971019
2022-06-01,Tarjetas de crédito,2.1169137659999264
2022-07-01,Tarjetas de crédito,2.1504452186344882
2022-08-01,Tarjetas de crédito,2.062847801276325
2022-09-01,Tarjetas de crédito,1.9368269232589572
2022-10-01,Tarjetas de crédito,1.9797954784230212
2022-11-01,Tarjetas de crédito,1.8076960968294353
2022-12-01,Tarjetas de crédito,1.94665597098366
2023-01-01,Tarjetas de crédito,2.057232249078589
2023-02-01,Tarjetas de crédito,2.087500173638441
2023-03-01,Tarjetas de crédito,2.3259181299703644
2023-04-01,Tarjetas de crédito,2.316157605871471
2023-05-01,Tarjetas de crédito,2.194296917091231
2023-06-01,Tarjetas de crédito,2.294124507647888
2023-07-01,Tarjetas de crédito,2.275628833689811
2023-08-01,Tarjetas de crédito,2.0221622423092116
2023-09-01,Tarjetas de crédito,2.0494847101415776
2023-10-01,Tarjetas de crédito,1.830625968341108
2023-11-01,Tarjetas de crédito,1.6506765512778885
2023-12-01,Tarjetas de crédito,1.7713950912781669
2024-01-01,Tarjetas de crédito,1.769278553431603
2024-02-01,Tarjetas de crédito,1.6707086300129257
2024-03-01,Tarjetas de crédito,1.8185915937694093
2024-04-01,Tarjetas de crédito,1.8009999457828656
2024-05-01,Tarjetas de crédito,2.025796731055599
2024-06-01,Tarjetas de crédito,2.0050947507701244
2024-07-01,Tarjetas de crédito,1.894768177656126
2024-08-01,Tarjetas de crédito,1.9350231127932673
2024-09-01,Tarjetas de crédito,1.926397671355024
2024-10-01,Tarjetas de crédito,1.7287457017607553
2024-11-01,Tarjetas de crédito,1.8115704338761554
2024-12-01,Tarjetas de crédito,1.9133094258644094
2025-01-01,Tarjetas de crédito,2.016070492171323
2025-02-01,Tarjetas de crédito,2.382856902585936
2025-03-01,Tarjetas de crédito,2.752070770812862
2025-04-01,Tarjetas de crédito,3.2434655760195876
2025-05-01,Tarjetas de crédito,4.170216306930703
2025-06-01,Tarjetas de crédito,4.873770491124144
2025-07-01,Tarjetas de crédito,5.324956508904885
2025-08-01,Tarjetas de crédito,6.651529855187055
2025-09-01,Tarjetas de crédito,7.361703509337287
2025-10-01,Tarjetas de crédito,7.66424090371897
2025-11-01,Tarjetas de crédito,9.147171482773746
2025-12-01,Tarjetas de crédito,9.317060204284271
2026-01-01,Tarjetas de crédito,10.992362829178617
2026-02-01,Tarjetas de crédito,11.645549243138943
2026-03-01,Tarjetas de crédito,11.810015387756259
2026-04-01,Tarjetas de crédito,12.473438839639405
2026-05-01,Tarjetas de crédito,13.113157706294864
